,RPT_REC_NUM,Provider CCN,Hospital Name,Street Address,City,State Code,Zip Code,County,Medicare CBSA Number,Rural versus Urban,Provider Type,Type of Control,Fiscal Year Begin Date,Fiscal Year End Date,FTE-Employees  on Payroll,Total Days Title XIX,Total Days (V + XVIII + XIX + Unknown),Number of Beds,Total Bed Days Available,Total Discharges Title XIX,Total Discharges (V + XVIII + XIX + Unknown),"Hospital Total Days Title XIX for
Adults & Peds",Hospital Total Days (V + XVIII + XIX + Unknown) for Adults & Peds,"Hospital Total Discharges Title XIX for
Adults & Peds",Hospital Total Discharges (V + XVIII + XIX + Unknown) for Adult,Cost of Charity Care,Total Bad Debt Expense,Cost of Uncompensated  Care,"Total Unreimbursed  and
Uncompensated  Care",Total Salaries From Worksheet A,Total Costs,Inpatient Total Charges,Outpatient Total Charges,"Combined Outpatient + Inpatient
Total Charges",Wage-related  Costs (core),Wage-related  costs (RHC/FQHC),Total Salaries (adjusted),Contract Labor,Disproportionate Share Adjustment,Allowable DSH Percentage,Inpatient Revenue,Outpatient Revenue,Gross Revenue,"Less Contractual Allowance and
Discounts on Patients' Accounts",Net Patient Revenue,Less Total Operating Expense,Net Income from Service to Patients,Total Other Income,Total Income,Total Other Expenses,Net Income,Cost To Charge Ratio
3,695374,341317,LIFEBRITE COMMUNITY HOPITAL OF STOK,1570 NC 8 & 89 HWY N,DANBURY,NC,27016,STOKES,49180,1,1,4,10/01/2020,12/31/2020,98.4,12,414,25,2300,3,37,12,138,3,37,642,686278,313043,870990,1687354,3361483,1762804,6109909,7872713,,,,,,,1932554,6203976,8136530,8796475,-659945,3373504,-4033449,234601,-3798848,686278,-4485126,.421393
9,696323,340141,NEW HANOVER REGIONAL MEDICAL CENTER,2131 S. 17TH ST,WILMINGTON,NC,28402,NEW HANOVER,48900,2,1,9,10/01/2020,01/31/2021,5711.86,11713,68179,684,85362,2084,11255,6763,54483,2084,11255,5490988,38639350,16112328,16305028,140551231,332987775,655872043,738160044,1394032087,38352922,,140551231,8268403,1398453,.1213,657287788,771631956,1428919744,1038875499,390044245,425907733,-35863488,19175950,-16687538,225130,-16912668,.23731
25,705766,340050,S.E. REGL MEDICAL CENTER,300 W. 27TH STREET,LUMBERTON,NC,28358-3075,ROBESON,99934,2,1,2,10/01/2020,06/30/2021,1384.69,9165,46949,258,70434,2544,9202,6559,40379,2544,9202,10748742,20623823,17642802,17649847,84153442,190371901,324210647,326019510,650230157,17412337,,84153442,5214521,1200952,.2618,325162534,326831348,651993882,453904677,198089205,211269459,-13180254,47530719,34350465,,34350465,.285609
91,712737,340028,CAPE FEAR VALLEY MEDICAL CENTER,1638 OWEN DRIVE,FAYETTEVILLE,NC,28302,CUMBERLAND,22180,2,1,9,10/01/2020,09/30/2021,3870.58,32576,183276,595,216389,7523,31795,20305,150317,7523,31795,14682126,138013559,45140920,45323588,316300529,589578360,1421240811,1263672675,2684913486,50338574,84235,316300529,37757893,4319934,.2279,1525979211,1366889848,2892869059,2064081650,828787409,874570434,-45783025,144427109,98644084,13869725,84774359,.216665
92,712738,340070,ALAMANCE REGIONAL MEDICAL CENTER,1240 HUFFMAN MILL ROAD,BURLINGTON,NC,27215,ALAMANCE,15500,1,1,2,10/01/2020,09/30/2021,1306.29,6246,45953,176,64240,1801,11638,3655,37419,1801,11638,11647348,31842474,20872343,20981353,92854280,250629063,338100890,527455400,865556290,20684274,,92854280,8160400,523827,.0934,346748878,540946722,887695600,608398483,279297117,236101351,43195766,12259517,55455283,769513,54685770,.286393
93,712739,340071,HARNETT HEALTH SYSTEM,800 TILGHMAN DRIVE,DUNN,NC,28334,HARNETT,22180,1,1,9,10/01/2020,09/30/2021,967.54,3370,26438,126,45990,1166,5343,2051,20515,1166,5343,4180040,35116438,12440466,12521829,54922369,95873556,165065145,278505510,443570655,6660853,,54922369,5129583,447532,.1502,165056515,297357302,462413817,343921172,118492645,121320116,-2827471,19344701,16517230,,16517230,.208161
94,712740,340091,THE MOSES H. CONE MEMORIAL HOSPITAL,1200 NORTH ELM ST,GREENSBORO,NC,27401-,GUILFORD,24660,2,1,2,10/01/2020,09/30/2021,5677.77,35222,224265,822,300030,11354,42593,21558,170692,11354,42593,47278436,128597167,90220954,90639763,458333915,1158112727,1747684216,1731999926,3479684142,94266926,,458333915,46050469,2979872,.1368,1865429674,1848688698,3714118372,2493702141,1220416231,1163480413,56935818,30546287,87482105,,87482105,.329239
95,712741,340131,CAROLINAEAST MEDICAL CENTER,2000 NEUSE BOULEVARD,NEW BERN,NC,28561,CRAVEN,35100,2,1,9,10/01/2020,09/30/2021,2276.57,5568,67072,289,105485,1112,12754,3349,45485,1112,12754,7394985,48348194,22226437,27730199,176952368,313607016,495531838,735639356,1231171194,29786214,,176952368,2343092,923848,.066,688754580,750753239,1439507819,972102479,467405340,475152329,-7746989,80689584,72942595,1420750,71521845,.252105
96,712742,340188,CAPE FEAR VALLEY HOKE HOSPITAL,210 MEDICAL PAVILION DRIVE,RAEFORD,NC,28376,HOKE,22180,1,1,9,10/01/2020,09/30/2021,293.75,393,6007,41,14965,149,1831,333,5498,149,1831,2181360,22659993,6661135,6796804,19668359,48484089,50489887,185064255,235554142,2344952,,19668359,1551714,63253,.0714,53252854,193120183,246373037,183873177,62499860,49055918,13443942,15464023,28907965,,28907965,.195925
97,712743,341315,BLADEN COUNTY HOSPITAL,HIGHWAY 701,ELIZABETHTOWN,NC,28337,BLADEN,99934,2,1,9,10/01/2020,09/30/2021,177.05,771,6038,25,9125,48,559,151,1594,48,559,933273,6444834,3186914,3202596,17297727,32835444,32025302,60528460,92553762,,,,,,,32680534,67989162,100669696,65759325,34910371,32364221,2546150,7798355,10344505,,10344505,.349662
98,712744,341327,J ARTHUR DOSHER MEMORIAL HOSPITAL,924 HOWE STREET,SOUTHPORT,NC,28461-,BRUNSWICK,34820,2,1,11,10/01/2020,09/30/2021,224.51,33,1789,25,9125,21,573,33,1622,21,573,155043,5641854,2059615,2059615,19450645,44555253,11241821,121225336,132467157,,,,,,,12912073,133410730,146322803,97594003,48728800,49783562,-1054762,12299718,11244956,,11244956,.323213
99,712745,342014,HIGHSMITH RAINEY MEMORIAL HOSPITAL,150 ROBESON STREET,FAYETTEVILLE,NC,28301,CUMBERLAND,22180,1,2,9,10/01/2020,09/30/2021,265.5,5733,20202,66,24090,76,269,5444,17800,76,269,,,,,19200462,47107697,101107059,56865148,157972207,,,,,,,105251477,59674062,164925539,134079926,30845613,40548153,-9702540,230945,-9471595,,-9471595,
137,713057,340039,IREDELL MEMORIAL HOSPITAL,557 BROOKDALE DRIVE,STATESVILLE,NC,28677-,IREDELL,16740,1,1,2,10/01/2020,09/30/2021,1194.38,3335,37671,155,56575,1004,7517,2293,31573,1004,7517,1201109,18660882,5642998,6078268,90408039,156630119,394417545,399477244,793894789,15776397,,91157761,736602,351784,.0708,401914900,440745385,842660285,634865444,207794841,200995392,6799449,18483974,25283423,,25283423,.192618
138,713058,340040,PITT COUNTY MEMORIAL HOSPITAL,2100 STANTONSBURG ROAD,GREENVILLE,NC,27834-2818,PITT,24780,1,1,2,10/01/2020,09/30/2021,5614.81,47795,223444,847,309155,9830,39794,37750,171912,9830,39794,45200243,84647294,77833554,78373020,381994234,1014571185,2068680208,1140782491,3209462699,102749428,,381994234,27557406,7458529,.2265,2078618878,1130201931,3208820809,1970792969,1238027840,1224270182,13757658,132251362,146009020,,146009020,.31373
139,713059,340068,COLUMBUS REGIONAL HEALTHCARE SYSTEM,500 JEFFERSON STREET,WHITEVILLE,NC,28472-,COLUMBUS,99934,2,1,8,10/01/2020,09/30/2021,490.2,2474,20243,154,56210,746,3760,1986,17749,746,3760,2402082,14354255,6002357,6603780,31927998,87587950,135778192,218097309,353875501,8557251,,31927998,7306877,377856,.1359,138600735,222614950,361215685,264544807,96670878,99415021,-2744143,15738791,12994648,,12994648,.243417
140,713060,340099,VIDANT ROANOKE CHOWAN HOSPITAL,500 SOUTH ACADEMY STREET,AHOSKIE,NC,27910,HERTFORD,99934,2,1,2,10/01/2020,09/30/2021,439.25,1861,15154,70,25550,518,2804,1413,12504,518,2804,2962215,8573821,6918368,10346707,30465498,74371772,96306842,119338484,215645326,8107269,,30465498,1786807,284400,.12,96306843,119338484,215645327,123525802,92119525,92665577,-546052,5983364,5437312,,5437312,.337129
141,713061,340107,VIDANT EDGECOMBE HOSPITAL,111 HOSPITAL DRIVE,TARBORO,NC,27886,EDGECOMBE,40580,1,1,2,10/01/2020,09/30/2021,402.65,1879,14025,117,42705,608,2786,1103,11184,608,2786,3616907,10994304,8201081,8225149,26676467,71046388,100108191,152865417,252973608,7809958,269070,26676467,2720612,404260,.175,100106486,152867122,252973608,155758236,97215372,90324326,6891046,5838683,12729729,,12729729,.279803
142,713062,340120,DUPLIN GENERAL HOSPITAL,HIGHWAY 11  NORTH MAIN STREET,KENANSVILLE,NC,28349,DUPLIN,99934,2,1,2,10/01/2020,09/30/2021,316.76,1865,12168,49,17885,704,2561,903,8488,704,2561,3637555,6865245,6820789,6862983,20794739,48398385,58367932,89857071,148225003,5323074,,20794739,1057903,185728,.12,58364648,89860352,148225000,85830034,62394966,59075904,3319062,8497052,11816114,,11816114,.319204
143,713063,340142,CARTERET COUNTY GENERAL HOSPITAL COM,3500 ARENDELL STREET,MOREHEAD CITY,NC,28557-,CARTERET,99934,2,1,8,10/01/2020,09/30/2021,959.33,1320,24661,99,36135,539,5825,923,20386,539,5825,583049,30772186,11023626,11023626,64811319,143468782,128843094,326675595,455518689,11435923,,64811319,3922001,,,137881889,343746641,481628530,300489180,181139350,165330192,15809158,12013882,27823040,,27823040,.309032
144,713066,340186,VIDANT BEAUFORT HOSPITAL,628 E. 12TH STREET,WASHINGTON,NC,27889,,99934,2,1,2,10/01/2020,09/30/2021,459.35,1818,14952,83,30295,612,3328,1308,13376,612,3328,3229940,8370757,6958161,6993849,27515203,80467395,73070803,161092705,234163508,6912497,,27515203,3308546,279428,.1101,71051680,163111827,234163507,139394885,94768622,94470107,298515,2358201,2656716,,2656716,.337022
169,713186,341303,FIRSTHEALTH MONTGOMERY MEMORIAL CAH,520 ALLEN STREET,TROY,NC,27371,MONTGOMERY,99934,2,1,2,10/01/2020,09/30/2021,102.3,27,1920,3,1095,15,258,27,768,15,258,312525,6446877,2559033,3054986,7999113,15589093,8977412,51556410,60533822,,,,,,,10011220,51530845,61542065,46205247,15336818,14447010,889808,119654,1009462,,1009462,.246899
196,713294,341304,BERTIE MEMORIAL HOSPITAL,1403 SOUTH KING STREET,WINDSOR,NC,27983,BERTIE,99934,2,1,9,10/01/2020,09/30/2021,112.76,71,1147,6,2190,12,298,71,1147,12,298,401130,3701846,2555041,2567287,8201196,19287155,4859451,39448882,44308333,,,,,,,5115033,39193300,44308333,21970674,22337659,19135584,3202075,989141,4191216,2804488,1386728,.429541
197,713295,341318,CHOWAN HOSPITAL INC.,211 VIRGINIA AVENUE,EDENTON,NC,27932,CHOWAN,99934,2,1,2,10/01/2020,09/30/2021,267.87,896,6068,25,9125,246,1469,399,4200,246,1469,1293810,8230141,5584506,5600841,17098303,49083609,37781511,94657919,132439430,,,,,,,39475315,94642799,134118114,69617936,64500178,50411928,14088250,4721661,18809911,5302381,13507530,.365642
198,713296,342017,ASHEVILLE SPECIALTY HOSPITAL  LLC,428 BILTMORE AVENUE,ASHEVILLE,NC,28801,BUNCOMBE,11700,1,2,4,10/01/2020,09/30/2021,92.3,,8913,34,12410,,296,,8913,,296,,,,,6546003,14374895,50614682,10500,50625182,,,,,,,50625182,,50625182,36475000,14150182,15440178,-1289996,-290638,-1580634,1,-1580635,
242,713492,340042,ONSLOW MEMORIAL HOSPITAL,241 NEW RIVER DRIVE,JACKSONVILLE,NC,28540,ONSLOW,27340,1,1,9,10/01/2020,09/30/2021,830.1,5269,30572,162,59130,1566,6805,3472,24293,1566,6805,3868516,35939077,18400092,18400092,54796890,118687534,145631946,298297802,443929748,12908029,,54796890,1288335,593938,.1697,145281945,298647801,443929746,296504822,147424924,140324528,7100396,6963311,14063707,788166,13275541,.263404
243,713495,340151,HALIFAX REGIONAL MEDICAL CENTER,250 SMITH CHURCH ROAD,ROANOKE RAPIDS,NC,27870-,HALIFAX,99934,2,1,2,10/01/2020,09/30/2021,577.63,3421,22907,100,36500,964,4362,2654,20108,964,4362,2705812,15015089,8616731,9946885,37096816,97227826,113437071,136271847,249708918,8702284,,37096816,4389345,391095,.12,114187364,138397462,252584826,164847380,87737446,97965754,-10228308,5552299,-4676009,,-4676009,.381138
308,713979,340123,RANDOLPH HOSPITAL,373 NORTH FAYETTEVILLE STREET,ASHEBORO,NC,27204-,RANDOLPH,24660,1,1,2,10/01/2020,09/30/2021,605.33,2536,14840,145,52925,1076,4960,1736,12567,1076,4960,5139733,14110018,9229500,9229500,39548310,102849346,116915700,236979987,353895687,10792016,,39548310,2108130,161105,.1176,116947437,237472817,354420254,273084679,81335575,114028459,-32692884,868962,-31823922,,-31823922,.287994
309,713982,341322,ST LUKES HOSPITAL,220 HOSPITAL DRIVE,COLUMBUS,NC,28722-,POLK,99934,2,1,1,10/01/2020,09/30/2021,177.04,85,4430,25,9125,32,995,83,2879,32,995,387722,4288595,1625674,2537295,16941485,34351089,21967797,98666569,120634366,,,,,,,22541757,112084040,134625797,84234032,50391765,47950460,2441305,8077162,10518467,,10518467,.280611
341,714591,340097,HUGH CHATHAM MEMORIAL HOSPITAL,100 PARKWOOD DRIVE,ELKIN,NC,28621-,SURRY,99934,2,1,2,10/01/2020,09/30/2021,660.85,1752,15237,81,29565,766,3797,1312,14409,766,3797,3059650,18457760,7849555,7849555,53018816,87331166,103811267,236677933,340489200,8301433,,53018816,1228508,47673,.0692,107700145,283653204,391353349,278270659,113082690,118698953,-5616263,39309537,33693274,,33693274,.248044
373,715218,340008,SCOTLAND MEMORIAL HOSPITAL,500 LAUCHWOOD DRIVE,LAURINBURG,NC,28352-,SCOTLAND,99934,2,1,2,10/01/2020,09/30/2021,848.61,4419,27411,97,35405,1404,6637,2896,23251,1404,6637,9360511,25912394,17870145,19412914,67343370,159946246,228591482,424306389,652897871,14316569,1561585,67343370,11068785,396513,.12,243764249,440541799,684306048,495610756,188695292,193269789,-4574497,39185629,34611132,-8707586,43318718,.237256
374,715220,341324,THE OUTER BANKS HOSPITAL,4800 S. CROATAN HWY,NAGS HEAD,NC,27959,DARE,99934,2,1,2,10/01/2020,09/30/2021,311.04,449,3233,21,7665,139,1076,252,2704,139,1076,781952,11582765,5762888,5778558,20395173,61183975,19625659,147183458,166809117,,,,,,,23819015,148856710,172675725,77357466,95318259,64234569,31083690,2596675,33680365,7089230,26591135,.355038
394,715287,340127,GRANVILLE MEDICAL CENTER,1010 COLLEGE STREET,OXFORD,NC,27565-,GRANVILLE,20500,1,1,9,10/01/2020,09/30/2021,423.58,1029,6963,42,15330,497,1711,661,5291,497,1711,1019632,18145897,5546494,6524010,33822227,58274537,54427683,181406322,235834005,6298901,564623,33822227,1454484,146694,.12,55921089,205636710,261557799,182682233,78875566,77378923,1496643,8318444,9815087,,9815087,.238063
428,715368,341320,ALLEGHANY MEMORIAL HOSPITAL,233 DOCTORS STREET,SPARTA,NC,28675,ALLEGHANY,99934,2,1,2,10/01/2020,09/30/2021,86.84,9,575,25,9125,4,141,9,536,4,141,11773,1241299,600267,782067,5148714,10858717,1574926,20380623,21955549,,,,,,,1572375,24276036,25848411,14653088,11195323,13087185,-1891862,8705450,6813588,,6813588,.461972
494,715549,340144,DAVIS REGIONAL MEDICAL CENTER,218 OLD MOCKSVILLE RD,STATESVILLE,NC,28625,IREDELL,16740,1,1,4,10/01/2020,09/30/2021,284.13,1890,12475,125,45492,372,2770,1095,9525,372,2770,2452148,6095263,3503659,3503659,19536331,54030150,109229712,225399135,334628847,4572222,,19494632,2566275,196800,.2478,109229712,225399135,334628847,274791570,59837277,59167909,669368,6602975,7272343,,7272343,.158005
509,715635,340116,FRYE REGIONAL MEDICAL CENTER,420 NORTH CENTER STREET,HICKORY,NC,28601,CATAWBA,25860,2,1,4,10/01/2020,09/30/2021,1003.23,2702,31382,226,82490,693,6183,1972,25320,693,6183,4822894,45926095,11302161,15506813,86233115,179306993,596121021,706251483,1302372504,10884870,,86233115,9816900,217275,.0411,596121022,774584798,1370705820,1134055202,236650618,241821793,-5171175,2796313,-2374862,,-2374862,.135399
567,715807,340115,FIRSTHEALTH MOORE REGIONAL HOSPITAL,35 MEMORIAL DRIVE,PINEHURST,NC,28374-,MOORE,99934,2,1,2,10/01/2020,09/30/2021,3070.93,12307,106463,412,150380,3341,21914,7085,73639,3341,21914,9894268,78600866,31265136,31395305,246833427,532112441,1274349574,1556743714,2831093288,39856080,,224239819,12985973,1581607,.0836,1322575771,1604175914,2926751685,2149120503,777631182,695305080,82326102,168087180,250413282,58755321,191657961,.185424
568,715808,340129,LAKE NORMAN REGIONAL MEDICAL CENTER,171 FAIRVIEW RD,MOORESVILLE,NC,28117,IREDELL,16740,1,1,4,10/01/2020,09/30/2021,416.72,1691,15788,123,44895,400,4123,1002,10709,400,4123,2439974,9384050,3683569,3683569,28866376,93598420,271362663,473458162,744820825,6126399,,28866376,1281906,79196,.0307,271362663,473458162,744820825,614127831,130692994,97487297,33205697,2468342,35674039,,35674039,.121136
569,715809,340132,MARIA PARHAM MEDICAL CENTER,566 RUIN CREEK ROAD,HENDERSON,NC,27536-,VANCE,99934,2,1,4,11/01/2020,10/31/2021,556.95,2472,19416,111,40515,798,3721,1537,12867,798,3721,4146204,50399685,12796242,12797351,40419944,96495636,183952618,399665566,583618184,6801698,,40419944,6273522,382109,.1569,184016419,418412356,602428775,480067872,122360903,127735292,-5374389,9399484,4025095,,4025095,.163054
570,715811,341329,BLUE RIDGE REGIONAL HOSPITAL,125 HOSPITAL DRIVE,SPRUCE PINE,NC,28777,,99934,2,1,4,11/01/2020,10/31/2021,158.55,147,5033,25,9125,45,1171,147,4699,45,1171,2011874,2462263,3019134,3920364,15063001,40271109,21145532,129411197,150556729,,,,,,,21145532,129527716,150673248,110693303,39979945,45730860,-5750915,448187,-5302728,-1,-5302727,.264283
582,715869,341319,TRANSYLVANIA COMMUNITY HOSPITAL,260 HOSPITAL DRIVE,BREVARD,NC,28712,TRANSYLVANIA,99934,2,1,4,11/01/2020,10/31/2021,193.9,275,6086,25,9125,79,1483,275,5009,79,1483,2547627,2825487,3783197,4602478,17037714,45252625,34471685,132952956,167424641,,,,,,,34471686,136660749,171132435,120658505,50473930,50085636,388294,-129639,258655,2,258653,.267356
697,716862,341316,HIGHLANDS CASHIERS HOSPITAL,HIGHWAY 64E,HIGHLANDS,NC,28741,MACON,99934,2,1,4,12/01/2020,11/30/2021,83.85,41,3288,24,8760,8,485,41,726,8,485,848507,528067,1186640,1271668,6804933,17804902,9408131,36111671,45519802,,,,,,,9368047,37544422,46912469,27585773,19326696,17971921,1354775,251861,1606636,,1606636,.388739
706,716907,341323,CHARLES A. CANNON MEMORIAL HOSPITAL,434 HOSPITAL DRIVE,LINVILLE,NC,28646-,AVERY,99934,2,1,2,10/01/2020,09/30/2021,128.58,54,1400,21,7665,20,272,54,962,20,272,371502,3457816,1851177,2088622,10692155,24308672,12996364,41343212,54339576,,,,,,,14372050,44145356,58517406,37366215,21151191,25801049,-4649858,7794570,3144712,,3144712,.434898
725,716972,340003,NORTHERN HOSP OF SURRY CO,830 ROCKFORD STREET,MOUNT AIRY,NC,27030,SURRY,99934,2,1,11,10/01/2020,09/30/2021,752.21,1406,18208,100,36500,533,4518,733,14871,533,4518,1690260,11379467,6095843,6095843,54162057,86313319,81979080,154573904,236552984,9008498,,54162057,3143561,154201,.0654,83114372,187923691,271038063,163979019,107059044,117365331,-10306287,13534898,3228611,,3228611,.359593
726,716973,343025,CAREPARTNERS REHAB HOSPITAL,68 SWEETEN CREEK ROAD,ASHEVILLE,NC,28803,,11700,1,5,4,12/01/2020,11/30/2021,255.53,1685,22125,74,27010,109,1565,1685,22125,109,1565,,,,,43422895,26588191,43712401,10188259,53900660,,,,,,,49128337,72242361,121370698,21044920,100325778,93107979,7217799,386094,7603893,1,7603892,
754,717085,340069,WAKEMED RALEIGH CAMPUS,3000 NEW BERN AVENUE,RALEIGH,NC,27620-4465,WAKE,39580,1,1,2,10/01/2020,09/30/2021,4756.86,41733,214253,609,222285,7274,31167,24062,134232,7274,31167,59652171,86231863,96086258,96086258,356672703,1005709969,2363437412,2149655241,4513092653,77971628,,360455714,41155007,3224433,.1554,2363437411,2149655241,4513092652,3415071711,1098020941,1015048170,82972771,9122233,92095004,,92095004,.214722
755,717086,340173,WAKE MED CARY HOSPITAL,1900 KILDARE FARM ROAD,CARY,NC,27518,WAKE,39580,1,1,2,10/01/2020,09/30/2021,1136,3688,60063,203,74247,897,13643,2673,48860,897,13643,8555729,36852048,21164697,21164697,86570432,270357363,592614734,684353246,1276967980,19238419,,87395124,12493203,,,592638184,685658879,1278297063,968134485,310162578,277472325,32690253,3935464,36625717,,36625717,.20322
768,717146,344007,OLD VINEYARD,3637 OLD VINEYARD ROAD,WINSTON SALEM,NC,27004,FORSYTH,49180,1,4,4,01/01/2021,12/31/2021,,1295,50143,164,60024,117,5752,1295,50143,117,5752,,,,,15184169,25294434,80212800,1201500,81414300,,,,,,,80212800,1201500,81414300,45966678,35447622,27347746,8099876,169751,8269627,,8269627,
826,717628,344028,STRATEGIC BEHAVIORAL HEALTH- RALEIGH,3200 WATERFIELD ROAD,GARNER,NC,27529,WAKE,39580,1,4,1,01/01/2021,12/31/2021,79.47,6502,11642,56,20440,481,895,6502,11642,481,895,,,,,8976104,16227076,30757700,,30757700,,,,,,,32654148,,32654148,20325929,12328219,16920030,-4591811,637695,-3954116,,-3954116,
840,717744,340168,WILMINGTON TREATMENT CENTER INC,2520 TROY DRIVE,WILMINGTON,NC,28401,NEW HANOVER,48900,1,1,4,01/01/2021,12/31/2021,189.79,,23012,92,33580,,910,,23012,,910,,2186160,1807045,1807045,9707681,18971197,30571149,37930910,68502059,1899713,,9707681,,25425,.0491,31785636,37930910,69716546,40149554,29566992,22399300,7167692,17508,7185200,,7185200,.276943
841,717745,341326,MH ANGEL MEDICAL CENTER LLLP,120 RIVERVIEW STREET,FRANKLIN,NC,28744,MACON,99934,2,1,4,11/01/2020,10/31/2021,200,228,5801,35,12775,63,1457,188,3330,63,1457,2445986,3148642,3780935,4212697,14514891,41942811,33264455,149313932,182578387,,,,,,,33264262,149218772,182483034,139174763,43308271,47052299,-3744028,826221,-2917807,11600,-2929407,.227089
868,717892,344030,STRATEGIC BEHAVIORAL CENTER LELAND,2050 MERCANTILE DRIVE,LELAND,NC,28451,BRUNSWICK,34820,1,4,4,01/01/2021,12/31/2021,55.1,4538,9851,40,14600,233,635,4538,9851,233,635,,,,,10182322,18447739,37568420,,37568420,,,,,,,37568420,528400,38096820,20766493,17330327,18721114,-1390787,676203,-714584,,-714584,
891,718001,341325,ASHE MEMORIAL HOSPITAL,200 HOSPITAL AVENUE,JEFFERSON,NC,28640-,ASHE,99934,2,1,2,01/01/2021,12/31/2021,198.2,241,4124,25,9125,101,1058,186,3816,101,1058,,137293,48052,3002017,14230588,28782957,16010974,67162113,83173087,,,,,,,16952855,71086075,88038930,53279146,34759784,34620894,138890,3910322,4049212,,4049212,.338448
892,718002,344014,HOLLY HILLS HOSPITAL,3019 FALSTAFF ROAD,RALEIGH,NC,27610,WAKE,39580,1,4,4,01/01/2021,12/31/2021,,658,78737,296,108040,75,8907,658,78737,75,8907,,,,,24516122,40337255,126120150,5916522,132036672,,,,,,,126120150,5916522,132036672,75332036,56704636,44194243,12510393,277192,12787585,,12787585,
1061,718720,340004,HIGH POINT MEDICAL CENTER,HIGH POINT MEDICAL CENTER,HIGH POINT,NC,27260-,GUILFORD,24660,1,1,2,07/01/2021,12/31/2021,781.39,2173,30689,288,52992,384,7148,1731,25145,384,7148,5740272,21517278,10467134,10999089,45603963,156597253,279504183,428944063,708448246,11144162,,56724660,7999274,297152,.107,279298382,429320703,708619085,538435330,170183755,172167929,-1984174,8891733,6907559,,6907559,.216441
1062,718721,340064,WRMC HOSPITAL OPERATING CORPORATION,1370 WEST D STREET,NORTH WILKESBORO,NC,28659-,WILKES,99934,2,1,8,07/01/2021,12/31/2021,265.27,395,6701,77,14168,101,1647,320,4698,101,1647,1424001,7339765,3194765,3194765,19292583,43454478,57640577,121174260,178814837,4670937,,22367512,1238046,65682,.103,57640577,121178363,178818940,132165957,46652983,47260040,-607057,5695400,5088343,-513663,5602006,.238067
1063,718722,340096,LEXINGTON MEMORIAL HOSPITAL  INC.,250 HOSPITAL DRIVE,LEXINGTON,NC,27292-,DAVIDSON,49180,1,1,2,07/01/2021,12/31/2021,292.46,334,7120,70,12880,67,1632,291,6055,67,1632,1938905,10881206,4183787,4226753,16064433,44848876,60376571,157035342,217411913,4337032,,19781721,294222,35754,.0486,60376571,157035341,217411912,162447425,54964487,48014867,6949620,2367047,9316667,,9316667,.203285
1064,718723,340187,DAVIE MEDICAL CENTER,329 NC HIGHWAY 801 N,BERMUDA RUN,NC,27006-7905,DAVIE,49180,1,1,2,07/01/2021,12/31/2021,197.77,47,2839,50,9200,18,932,47,2839,18,932,740692,5945703,1743617,2025667,10282462,37570827,32777051,187030669,219807720,2823700,,13295247,469880,,,32777051,187030670,219807721,168494706,51313015,37743495,13569520,1127553,14697073,,14697073,.165017
1087,718814,343026,CAROLINAS REHABILITATION,1100 BLYTHE BLVD,CHARLOTTE,NC,28203-,MECKLENBURG,16740,1,5,11,01/01/2021,12/31/2021,587.37,4027,40321,150,54750,241,2772,4027,40321,241,2772,,,,,54304335,95127271,213344962,73255287,286600249,,,,,,,213369712,74619272,287988984,187995080,99993904,103580833,-3586929,22244429,18657500,,18657500,
1120,718892,340098,ATRIUM HEALTH PINEVILLE,10628 PARK ROAD,CHARLOTTE,NC,28210-8407,MECKLENBURG,16740,1,1,11,01/01/2021,12/31/2021,1872.82,3880,86455,362,132130,830,17339,2990,73472,830,17339,13406943,49214608,21764319,21806019,145850322,355933899,1028672330,1077462669,2106134999,34384964,,146032074,2619538,580166,.0498,1050784576,1055377576,2106162152,1562245528,543916624,370049689,173866935,21811657,195678592,,195678592,.16464
1121,718894,340130,ATRIUM HEALTH UNION,600 HOSPITAL DRIVE,MONROE,NC,28111,UNION,16740,1,1,11,01/01/2021,12/31/2021,1167.96,4464,49569,182,66430,1063,8954,3319,42653,1063,8954,11433783,29952014,17126415,17193655,88966349,212046826,443890098,705931122,1149821220,22460315,,89141532,2473766,654849,.1138,443890098,705931123,1149821221,866682818,283138403,224317342,58821061,28086449,86907510,,86907510,.179496
1122,718897,340166,ATRIUM HEALTH UNIVERSITY CITY,8800 NORTH TRYON STREET,CHARLOTTE,NC,28256-5009,MECKLENBURG,16740,1,1,11,01/01/2021,12/31/2021,996.16,4239,38017,100,36500,1074,7177,2954,30514,1074,7177,12470727,42960604,19356001,19460259,75991043,168739157,346160766,717558545,1063719311,18182758,,76186372,1760816,288878,.12,356312345,709795832,1066108177,808116534,257991643,178899799,79091844,12714954,91806798,,91806798,.154507
1178,719038,340049,NORTH CAROLINA SPECIALTY HOSPITAL,3916 BEN FRANKLIN BLVD,DURHAM,NC,27701,DURHAM,20500,1,1,4,01/01/2021,12/31/2021,204.87,24,1749,18,6570,10,646,24,1749,10,646,45078,1446428,569631,960670,14950297,60705302,28070128,125922289,153992417,3298462,,14950297,675510,,,28070130,126360714,154430844,86533061,67897783,57447832,10449951,3332087,13782038,235,13781803,.36365
1320,719327,344032,TRIANGLE SPRINGS,10901 WORLD TRADE BLVD,RALEIGH,NC,27617,WAKE,39580,1,4,4,01/01/2021,12/31/2021,168.63,43,21383,77,28105,5,2620,43,21383,5,2620,,,,,9659540,21126143,46549335,9471478,56020813,,,,,,,46582280,13296089,59878369,39752731,20125638,20392199,-266561,27627,-238934,,-238934,
1631,719850,341317,LIFEBRITE COMM HOSP OF STOKES,1570 NC 8 & 89 HWY N,DANBURY,NC,27016,,49180,1,1,4,01/01/2021,12/31/2021,98.4,36,1650,25,9125,12,151,36,565,12,151,1056,1805259,792571,3272010,6967753,14623853,7108762,25896929,33005691,,,,,,,7092448,26823073,33915521,17586261,16329260,13850338,2478922,,2478922,,2478922,.43119
1944,720324,341307,PENDER MEMORIAL HOSPITAL,507 E. FREMONT ST,BURGAW,NC,28425-,PENDER,48900,1,1,9,10/01/2020,09/30/2021,122.64,33,4911,25,9125,14,104,33,341,14,104,305792,5643135,2190423,2580316,8410308,32417590,11944691,88246834,100191525,,,,,,,11353502,89796028,101149530,69743072,31406458,32722735,-1316277,2381079,1064802,-145433,1210235,.323085
2032,720481,340020,CENTRAL CAROLINA HOSPITAL,1135 CARTHAGE STREET,SANFORD,NC,27330,LEE,99934,2,1,4,01/01/2021,12/31/2021,395.92,2097,13396,127,46355,197,3003,1514,10639,197,3003,2911179,25991735,6689097,6689097,26601914,57283657,184144430,213523428,397667858,4329532,,26601914,5020560,210015,.0961,184467303,236015373,420482676,347301504,73181172,77897268,-4716096,6078813,1362717,,1362717,.140887
2186,720698,340087,THE MCDOWELL HOSPITAL,430 RANKIN DRIVE,MARION,NC,28752,,99934,2,1,4,02/01/2021,01/31/2022,207.64,920,7811,30,10950,391,1994,726,7164,391,1994,4062140,5165711,5945848,8925051,22624377,60493798,54320449,199689908,254010357,3311014,1896543,22624859,,113140,.12,54320449,199689908,254010357,185923396,68086961,67159790,927171,772890,1700061,19,1700042,.23515
2187,720699,341314,CAH #1 - WASHINGTON,958 US HIGHWAY 64 EAST,PLYMOUTH,NC,27962,WASHINGTON,99934,2,1,2,01/01/2021,12/31/2021,119.37,359,4099,25,9125,39,368,359,1426,39,368,,,,,5400765,20918572,20728434,14093334,34821768,,,,,,,20728433,14093333,34821766,18764743,16057023,20842139,-4785116,1406890,-3378226,,-3378226,.589346
2372,721044,340023,ADVENTHEALTH HENDERSONVILLE,100 HOSPITAL DRIVE,HENDERSONVILLE,NC,28792-,HENDERSON,11700,1,1,1,01/01/2021,12/31/2021,935.5,1006,17102,73,26645,406,3734,637,14420,406,3734,4840902,7807402,7819012,10232451,91974534,171751411,204278385,446387753,650666138,11434606,,91974534,10925518,249293,.1072,113080429,655780803,768861232,535186927,233674305,236583326,-2909021,28222429,25313408,,25313408,.261822
2432,721148,344029,GOOD HOPE HOSPITAL INC,410 DENIM DRIVE,ERWIN,NC,28339-2204,HARNETT,22180,2,4,9,01/01/2021,12/31/2021,37.93,1333,5005,16,5840,112,466,1333,5005,112,466,,,,,1561732,3473989,2764521,,2764521,,,,,,,2764521,,2764521,-13845,2778366,3982761,-1204395,2618017,1413622,1786905,-373283,
2632,721808,340156,CHEROKEE INDIAN HOSPITAL AUTHORITY,HOSPITAL RD CALL BOX C-268,CHEROKEE,NC,28719,SWAIN,99934,2,1,7,10/01/2020,09/30/2021,591,748,3174,34,12410,189,703,748,3174,189,703,,,,,45573061,46986397,41262,849708,890970,1,,45573061,,23083,.12,,,,,,102010006,-102010006,,-102010006,,-102010006,
2633,721809,342018,SSH - DURHAM,3643 NORTH ROXBORO RD,DURHAM,NC,27704,DURHAM,20500,1,2,4,02/01/2021,01/31/2022,81.64,,9171,30,10950,,291,,9171,,291,,,,,7017294,19611241,92829691,,92829691,1168548,,7017294,2803724,,,92829690,,92829690,73967061,18862629,19502669,-640040,3449585,2809545,1639663,1169882,
2711,722305,340014,FORSYTH MEMORIAL HOSPITAL  INC,3333 SILAS CREEK PARKWAY,WINSTON SALEM,NC,27103,FORSYTH,49180,2,1,2,01/01/2021,12/31/2021,5430.73,22572,239966,912,332880,3957,35071,16724,194005,3957,35071,49851775,51936935,67707095,67707095,477247838,1227576503,2043188226,2303305250,4346493476,92885340,,476704234,47640150,1978646,.0855,2126404813,2500463322,4626868135,3072396622,1554471513,1494811134,59660379,63875332,123535711,,123535711,.273773
2712,722306,340015,ROWAN REGIONAL HOSPITAL,612 MOCKSVILLE AVENUE,SALISBURY,NC,28144,ROWAN,16740,1,1,2,01/01/2021,12/31/2021,975.59,4024,51108,189,68985,745,8377,3211,44639,745,8377,13107794,18185518,18026510,18026510,80496421,234529497,452156899,597615361,1049772260,19743783,,80113154,11475675,370121,.0727,457670558,609162634,1066833192,796973267,269859925,279249708,-9389783,17636744,8246961,,8246961,.217223
2713,722309,340053,PRESBYTERIAN HOSPITAL,200 HAWTHORNE LANE,CHARLOTTE,NC,28231-1726,MECKLENBURG,16740,1,1,2,01/01/2021,12/31/2021,3820.11,21769,171530,602,219730,3555,27118,17638,140243,3555,27118,37713039,51453132,51479619,51479619,355457340,974548251,1931129308,2163965148,4095094456,71565869,,354936117,37277168,2421940,.1515,1923211284,2318253452,4241464736,2907397043,1334067693,1209506577,124561116,33704119,158265235,,158265235,.233542
2714,722310,340085,THOMASVILLE MEDICAL CENTER,207 OLD LEXINGTON ROAD,THOMASVILLE,NC,27360,DAVIDSON,49180,1,1,2,01/01/2021,12/31/2021,459.25,1854,15105,73,26645,746,3523,1168,10865,746,3523,8454224,10098811,11174519,11174519,36805625,90177689,148036904,230812748,378849652,7899960,,37520214,3155783,152391,.12,151549561,238225334,389774895,274304563,115470332,105177780,10292552,2283297,12575849,,12575849,.228234
2715,722311,340109,SENTARA ALBEMARLE REGL MED CTR LLC,1144 NORTH ROAD STREET,ELIZABETH CITY,NC,27909,PASQUOTANK,99934,2,1,2,01/01/2021,12/31/2021,548.59,1377,20344,98,35770,456,4562,1141,16848,456,4562,6616100,11660010,11356681,11999300,42180068,125662551,184905764,287315411,472221175,13587264,,43744756,395211,197827,.0463,184905765,287629506,472535271,328964032,143571239,130754480,12816759,-6760759,6056000,,6056000,.256759
2716,722312,340158,BRUNSWICK COMMUNITY HOSPITAL,240 HOSPITAL DRIVE NE,BOLIVIA,NC,28422,BRUNSWICK,34820,2,1,2,01/01/2021,12/31/2021,457.73,1570,18958,59,21535,482,4070,982,12737,482,4070,6553509,7855603,8324648,8324648,35654199,101453633,184001779,343716288,527718067,8859390,,36300061,2266475,207913,.0548,186126194,349185811,535312005,401689299,133622706,116958776,16663930,1593999,18257929,,18257929,.182983
2717,722313,340171,PRESBYTERIAN HOSPITAL MATTHEWS,1500 MATTHEWS TOWNSHIP PARKWAY,MATTHEWS,NC,28105,MECKLENBURG,16740,1,1,2,01/01/2021,12/31/2021,843.76,3117,50493,157,57305,964,10128,2032,41205,964,10128,8265840,15996169,11850254,11850254,67496594,184012247,448429380,526269130,974698510,16938642,,69590085,6576092,146677,.0262,452271217,532401692,984672909,694346834,290326075,225711301,64614774,2416499,67031273,,67031273,.181583
2718,722314,340183,PRESBYTERIAN HOSPITAL HUNTERSVILLE,10030 GILEAD ROAD,HUNTERSVILLE,NC,28078,MECKLENBURG,16740,1,1,2,01/01/2021,12/31/2021,716.87,2160,34151,135,49275,957,7305,1290,23940,957,7305,5822744,14427019,9001746,9001746,59777479,166184293,317597915,558373808,875971723,14166489,,60066977,5446772,139621,.036,320463747,565194272,885658019,607452532,278205487,199825850,78379637,2125027,80504664,3,80504661,.178702
2860,722888,340075,BLUE RIDGE HEALTHCARE HOSPITALS,2201 SOUTH STERLING STREET,MORGANTON,NC,28655,BURKE,25860,1,1,2,01/01/2021,12/31/2021,1197.71,3379,31867,156,56940,944,6516,2469,26973,944,6516,5717396,21202527,9614634,9641763,92220063,183770035,315476516,718816184,1034292700,12250266,,91242075,5722986,474641,.1552,332136113,739175704,1071311817,821983392,249328425,242369492,6958933,25988547,32947480,,32947480,.17361
2914,723155,340126,WILSON MEDICAL CENTER,1705 SOUTH TARBORO STREET,WILSON,NC,27893,WILSON,99934,1,1,2,03/01/2021,02/28/2022,632.64,4709,30257,107,39055,1622,5497,2981,25166,1622,5497,5003723,47381419,12340226,12340226,46017443,103325376,303557242,371335767,674893009,7823546,,46017443,8604213,601690,.1307,311338242,383989609,695327851,555291528,140036323,139649862,386461,5929094,6315555,,6315555,.150958
2956,723251,340148,MEDICAL PARK HOSPITAL,1950 SOUTH HAWTHORNE ROAD,WINSTON-SALEM,NC,27103,FORSYTH,49180,1,1,2,01/01/2021,12/31/2021,229.51,85,2781,22,8030,31,853,85,2781,31,853,1389489,3910968,2485502,3804066,20406686,61252268,36315589,190189341,226504930,4645231,,20936343,184689,,,37942856,199854338,237797194,140996577,96800617,72868450,23932167,511157,24443324,-2,24443326,.260915
3015,723689,340141,NEW HANOVER REGIONAL MEDICAL CENTER,2131 S. 17TH ST,WILMINGTON,NC,28402,NEW HANOVER,48900,2,1,2,02/01/2021,12/31/2021,5378.34,19115,190171,684,225450,3591,31014,12614,150498,3591,31014,38789265,92513085,62562878,62961870,395351962,1001211242,1790789692,2187019611,3977809303,120478422,,395351962,25407773,3392290,.1178,1794291410,2247098003,4041389413,2938095379,1103294034,1176588791,-73294757,93787777,20493020,514881,19978139,.249879
3077,724013,340001,ATRIUM HEALTH CABARRUS,920 CHURCH STREET  NORTH,CONCORD,NC,28025-2927,CABARRUS,16740,1,1,11,01/01/2021,12/31/2021,2746.66,17092,133256,447,163155,3399,27471,12924,113561,3399,27471,23754817,62513323,35534237,35729475,244143849,556441152,1531500659,1451286843,2982787502,59330838,,244495918,8636912,1659946,.1082,1558557580,1428157427,2986715007,2246175553,740539454,598541715,141997739,100436100,242433839,,242433839,.182115
3078,724015,340021,ATRIUM HEALTH CLEVELAND,201 EAST GROVER STREET,SHELBY,NC,28150,CLEVELAND,99934,2,1,11,01/01/2021,12/31/2021,1676.82,6501,65880,308,112420,1673,13653,3753,46321,1673,13653,15139340,38918682,23021030,23134531,117234901,269308572,564315414,816765597,1381081011,30422103,,117304536,2186334,796101,.1203,572408139,809305162,1381713301,1055151069,326562232,284220660,42341572,44049107,86390679,,86390679,.191329
3079,724018,340084,ATRIUM HEALTH ANSON,2301 US HIGHWAY 74 WEST,WADESBORO,NC,28170-,ANSON,16740,2,1,11,01/01/2021,12/31/2021,142.51,130,1873,15,5475,43,609,130,1873,43,609,2103349,3718325,2801614,2814138,10668434,19327249,16275782,89252757,105528539,2668247,,10668434,,23473,.0866,17410233,90793451,108203684,85676512,22527172,21319551,1207621,1933225,3140846,,3140846,.176423
3080,724019,340119,ATRIUM HEALTH STANLY,301 YADKIN STREET,ALBEMARLE,NC,28001,STANLY,16740,1,1,11,01/01/2021,12/31/2021,563.26,2037,17218,97,35405,495,3829,1003,13160,495,3829,4437998,12103681,6874903,6908112,42462200,89532276,181316012,289232793,470548805,10290013,,42462200,1770816,258173,.1064,186219764,284379398,470599162,355512300,115086862,92904179,22182683,11408300,33590983,,33590983,.183773
3081,724020,340145,ATRIUM HEALTH LINCOLN,433 MCALISTER ROAD,LINCOLNTON,NC,28092,LINCOLN,16740,2,1,11,01/01/2021,12/31/2021,600.15,2417,24554,101,36865,677,5212,1857,20863,677,5212,6324989,20155230,9832176,9890267,50914583,114000463,229002104,436841512,665843616,12865015,,50955313,595595,218552,.0807,239099746,426763954,665863700,489416455,176447245,118949599,57497646,5278576,62776222,,62776222,.166139
3410,726453,340133,MARTIN GENERAL HOSPITAL,310 SOUTH MCCASKEY RD,WILLIAMSTON,NC,27892,MARTIN,99934,2,1,4,05/01/2021,04/30/2022,137.37,86,4238,43,15695,14,704,67,2996,14,704,792956,7065353,2002291,2002291,9386302,26816518,51389212,109160700,160549912,1878702,,9386302,2671228,,,51389212,111288962,162678174,137174025,25504149,30723697,-5219548,1436279,-3783269,,-3783269,.164427
3519,727168,340013,RUTHERFORD HOSPITAL  INC.,288 S. RIDGECREST AVENUE,RUTHERFORDTON,NC,28139-,RUTHERFORD,99934,2,1,4,06/01/2021,05/31/2022,350.64,842,10331,119,43435,223,2118,688,8594,223,2118,2379957,11883854,4262634,5099011,30255901,55834944,146347297,219838156,366185453,4462547,,30255901,4287005,166504,.0861,146531569,243068860,389600429,313060532,76539897,81016729,-4476832,3664982,-811850,,-811850,.150508
3642,730362,340143,CATAWBA VALLEY MEDICAL CENTER,810 FAIRGROVE CHURCH ROAD SE,HICKORY,NC,28602-,CATAWBA,25860,1,1,9,07/01/2021,06/30/2022,1359.29,3143,45289,200,73000,582,11344,2084,28089,582,11344,8448021,42983348,19464801,19464801,112776024,260169106,401253539,781478817,1182732356,30559877,,112776024,13305547,682142,.1368,423305694,824157914,1247463608,924463455,323000153,300392750,22607403,9290161,31897564,,31897564,.218352
3660,730455,340041,CALDWELL MEMORIAL HOSPITAL,321 MULBERRY STREET,LENOIR,NC,28645-,CALDWELL,25860,1,1,13,07/01/2021,06/30/2022,749.5,1977,30477,137,50005,198,4466,1113,26591,198,4466,3337997,11426515,7532560,7535896,64935705,132346227,155251319,317016014,472267333,15500014,,64762789,354812,268666,.1095,156219637,352126057,508345694,356622999,151722695,159289894,-7567199,9125588,1558389,,1558389,.276583
3687,730509,340090,JOHNSTON HEALTH,509 NORTH BRIGHTLEAF BLVD,SMITHFIELD,NC,27577,JOHNSTON,39580,1,1,11,07/01/2021,06/30/2022,1229.66,3210,47291,179,65335,918,11473,2841,38879,918,11473,5287119,41215628,17043627,17842003,116106256,269772404,456720625,799132687,1255853312,22426092,,116106256,5859854,814434,.1339,456720625,827094790,1283815415,991621731,292193684,282587875,9605809,13238432,22844241,15506928,7337313,.208046
3688,730510,340147,NASH HOSPITALS INC,2460 CURTIS ELLIS DR,ROCKY MOUNT,NC,27804,NASH,40580,1,1,9,07/01/2021,06/30/2022,1466,2863,55753,322,117530,578,11701,2422,47810,578,11701,4762500,37938960,15384819,15384819,118624335,239381417,435895078,669539293,1105434371,20030698,,96301802,20671098,1402884,.2,434005573,670953585,1104959158,778539338,326419820,309997921,16421899,-2825657,13596242,,13596242,.212127
3709,730583,340010,WAYNE MEMORIAL HOSPITAL,2700 WAYNE MEMORIAL DRIVE,GOLDSBORO,NC,27533,WAYNE,24140,2,1,2,07/01/2021,06/30/2022,1220.62,3300,49403,245,89425,746,9201,2861,41936,746,9201,4027571,32239073,15786896,15793565,91650080,230709145,264835068,418046700,682881768,28538485,,91650080,18519481,763732,.1192,264835067,438513350,703348417,447575587,255772830,250592699,5180131,1759484,6939615,15276470,-8336855,.333615
3738,730655,340017,MARGARET R. PARDEE MEMORIAL HOSPITAL,800 NORTH JUSTICE STREET,HENDERSONVILLE,NC,28791-,HENDERSON,11700,1,1,9,07/01/2021,06/30/2022,1339.09,1225,31801,160,58400,268,7585,1009,28255,268,7585,3897860,15819038,9191647,9194976,110227713,259232300,264373542,710807773,975181315,22354395,,109378270,8608297,296504,.052,264524076,804629015,1069153091,752610629,316542462,337311665,-20769203,11729737,-9039466,,-9039466,.26294
3739,730658,340114,REX HOSPITAL,4420 LAKE BOONE TRAIL,RALEIGH,NC,27607-,WAKE,39580,1,1,13,07/01/2021,06/30/2022,3703.76,5383,147347,489,172335,808,27234,4190,113650,808,27234,12543286,36430800,28123166,28130967,531494827,965043977,1223184648,1937575310,3160759958,91216682,,531520011,1191342,992024,.0413,1407875661,2421177363,3829053024,2480173024,1348880000,1391628000,-42748000,137423000,94675000,43575000,51100000,.298154
3774,730843,344025,BROUGHTON HOSPITAL,1000 SOUTH STERLING STREET,MORGANTON,NC,28655,BURKE,25860,1,4,10,07/01/2021,06/30/2022,1437,3298,74451,382,139430,14,198,3298,74451,14,198,,,,,69441279,113616946,136086552,,136086552,28796869,,69441279,,,,77055035,,77055035,,77055035,189761130,-112706095,112706096,1,,1,
3894,731168,340027,LENOIR MEMORIAL HOSPITAL,100 AIRPORT ROAD,KINSTON,NC,28501,LENOIR,99934,2,1,2,07/01/2021,06/30/2022,818.41,1855,27293,182,66430,372,4548,1648,23113,372,4548,3293712,22440013,12625126,12628848,49222463,120588500,128423095,186453379,314876474,11993971,,49096842,11687325,505423,.1313,128994019,187399199,316393218,197718618,118674600,134516639,-15842039,1833515,-14008524,8185245,-22193769,.372493
3895,731170,340113,CAROLINAS MEDICAL CENTER,1000 BLYTHE BLVD,CHARLOTTE,NC,28232,MECKLENBURG,16740,1,1,11,01/01/2021,12/31/2021,11120.94,65486,353130,1134,413910,9568,59326,35658,223637,9568,59326,88474608,170912878,126138149,126801379,1309701823,2315557247,4964144385,5692664202,10656808587,230279763,,1210447342,10201474,7916380,.2474,5274663324,5306769376,10581432700,7649609641,2931823059,2917862400,13960659,673488427,687449086,,687449086,.213678
3896,731171,341311,CHATHAM HOSPITAL  INC,475 PROGRESS BLVD,SILER CITY,NC,27344,CHATHAM,20500,2,1,2,07/01/2021,06/30/2022,167,244,4008,25,9125,97,978,231,2566,97,978,905795,6180439,3134389,3134389,10532030,29311883,21742048,77409981,99152029,,,,,,,23360942,94043384,117404326,75043652,42360674,44683927,-2323253,2510521,187268,1763814,-1576546,.288811
3960,731441,340032,GASTON MEMORIAL HOSPITAL,2525 COURT DRIVE,GASTONIA,NC,28054,GASTON,16740,1,1,2,07/01/2021,06/30/2022,2624.32,7079,125002,396,144540,1356,22154,5736,112086,1356,22154,26334301,63587363,50088425,53657205,210826590,542194347,1173729121,1290013286,2463742407,59236539,,210826590,21572911,1231938,.0916,1173606329,1290139276,2463745605,1844387796,619357809,574196005,45161804,11434337,56596141,-873207,57469348,.215027
3961,731443,344004,CENTRAL REGIONAL HOSPITAL,300 VEASEY RD.,BUTNER,NC,27509,GRANVILLE,20500,1,4,10,07/01/2021,06/30/2022,1862,3043,106813,338,123370,24,883,3043,106813,24,883,,,,,96421870,142616224,185449169,,185449169,,,,,,,77025403,,77025403,,77025403,230636281,-153610878,141689371,-11921507,,-11921507,
4071,731701,344026,CHERRY HOSPITAL,1401 WEST ASH STREET,GOLDSBORO,NC,27530,WAYNE,24140,1,4,10,07/01/2021,06/30/2022,1029,6010,62202,314,114610,74,419,6010,62202,74,419,,,,,68842246,110345552,110345552,,110345552,,,,,,,6039615,,6039615,,6039615,59055566,-53015951,96873664,43857713,50003348,-6145635,
4148,731896,340159,PERSON MEMORIAL HOSPITAL INC,615 RIDGE ROAD,ROXOBORO,NC,27573,PERSON,20500,1,1,4,07/01/2021,06/30/2022,135.05,142,2745,38,13870,42,550,83,1812,42,550,1117186,8242041,2520630,2951903,11182213,29326437,40619921,130690115,171310036,1820935,,11182213,4979994,22725,.051,40619921,136835860,177455781,143293175,34162606,39540880,-5378274,1713335,-3664939,,-3664939,.166649
4407,732748,340060,UNC ROCKINGHAM HOSPITAL,117 EAST KINGS HWY,EDEN,NC,27288-,ROCKINGHAM,24660,1,1,13,07/01/2021,06/30/2022,263.48,303,10496,108,39420,97,2236,204,7888,97,2236,2089580,6788879,4998145,5003493,23377130,62665737,60596091,93251676,153847767,8185873,,23377130,1087749,96802,.1199,60181309,93797988,153979297,96465220,57514077,69280508,-11766431,9221106,-2545325,2373329,-4918654,.400207
4703,733807,341328,MURPHY MEDICAL CENTER,3990 E US HIGHWAY 64 ALT,MURPHY,NC,28906-,CHEROKEE,99934,2,1,2,07/01/2021,06/30/2022,390.53,118,5300,25,9125,28,1184,118,5134,28,1184,,5797384,2139042,6700246,24996063,59286857,25676676,132041379,157718055,,,,,,,25499142,136106202,161605344,111846377,49758967,59291729,-9532762,1569745,-7963017,,-7963017,.369121
4831,734449,340061,UNIVERSITY OF NORTH CAROLINA HOSP.,101 MANNING DRIVE,CHAPEL HILL,NC,27514,ORANGE,20500,2,1,13,07/01/2021,06/30/2022,7193.67,27497,260284,811,295889,3070,32016,22132,210523,3070,32016,59406788,108573270,107927949,107976233,661056164,2231100621,2693255619,3969437267,6662692886,171000000,,660530370,17000000,4608704,.2094,2693246761,3740291601,6433538362,3918646110,2514892252,2279265433,235626819,190119481,425746300,102511970,323234330,.332006
4946,735268,340016,HARRIS REGIONAL HOSPITAL,68 HOSPITAL ROAD,SYLVA,NC,28779-,JACKSON,99934,2,1,4,08/01/2021,07/31/2022,519.16,1101,12830,82,29930,335,2469,845,7512,335,2469,2779686,12443604,5137208,5614552,42252815,81332695,122494652,322134499,444629151,7379285,,42252815,3221292,227280,.12,122814147,355778921,478593068,360988294,117604774,120273644,-2668870,3715834,1046964,,1046964,.182048
4947,735269,340184,HAYWOOD REGIONAL MEDICAL CENTER,262 LEROY GEORGE DRIVE,CLYDE,NC,28721-,HAYWOOD,11700,1,1,4,08/01/2021,07/31/2022,635.86,900,17375,121,44165,193,3583,605,14249,193,3583,3636015,15252971,6407751,8102919,51458081,98046446,178102760,376958900,555061660,7657171,,51458081,5625581,180146,.0632,178638991,409760725,588399716,449386069,139013647,138807728,205919,2734395,2940314,,2940314,.174243
4948,735270,341305,SWAIN COUNTY HOSPITAL,45 PLATEAU STREET,BRYSON CITY,NC,28713-,SWAIN,99934,2,1,4,08/01/2021,07/31/2022,80.23,233,3038,24,8760,17,187,9,138,17,187,1130000,4209541,2672047,2902669,5729201,13692078,5318589,31921104,37239693,,,,,,,5318589,32640339,37958928,21545565,16413363,16833157,-419794,842976,423182,,423182,.367225
4949,735271,342015,CAROLINAS CONTINUECARE PINEVILLE,10648 PARK RD,CHARLOTTE,NC,28210,MECKLENBURG,16740,1,2,2,08/01/2021,07/31/2022,92.28,,11261,40,14600,,348,,11261,,348,,,,,8291609,16927768,64527459,113845,64641304,,,,,,,64527458,113846,64641304,45260548,19380756,18614973,765783,336795,1102578,,1102578,
4967,735324,344016,BRYNN MARR HOSPITAL,192 VILLAGE DRIVE,JACKSONVILLE,NC,28546,ONSLOW,27340,1,4,4,07/01/2021,06/30/2022,181.5,467,23000,84,30660,23,1523,467,23000,23,1523,,,,,9766459,15136695,45841916,,45841916,,,,,,,45841916,,45841916,26175787,19666129,17439295,2226834,702527,2929361,,2929361,
4968,735325,344023,JULIAN F KEITH - ADATC,201 TABERNACLE ROAD,BLACK MOUNTAIN,NC,28711,BUNCOMBE,11700,1,4,10,07/01/2021,06/30/2022,197,2977,13417,80,29200,28,1187,2977,13417,28,1187,,,,,10867338,20763831,15510442,7113,15517555,3998916,,10867338,,,,25069890,,25069890,,25069890,29485914,-4416024,4416024,,,,
4969,735326,344027,RJ BLACKLEY ADATC,RJ BLACKLEY,BUTNER,NC,27509,GRANVILLE,20500,1,4,10,07/01/2021,06/30/2022,152,1557,7861,60,21900,145,727,1557,7861,145,727,,,,,8633898,19152934,11345832,,11345832,,,,,,,15780078,,15780078,,15780078,26392121,-10612043,10612042,-1,,-1,
4970,735327,344033,WALTER B JONES LAKESIDE,2577 WEST FIFTH STREET,GREENVILLE,NC,27834,PITT,24780,1,4,10,07/01/2021,06/30/2022,107,345,7592,51,18615,,761,345,7592,,761,,,,,8430915,19037948,19041828,,19041828,,,,,,,501852,,501852,,501852,12873267,-12371415,11935910,-435505,,-435505,
5116,735931,340024,SAMPSON REGIONAL MEDICAL CENTER,607 BEAMAN STREET,CLINTON,NC,28328-,SAMPSON,99934,2,1,2,10/01/2020,09/30/2021,399.43,1427,9928,59,21535,651,2612,858,7083,651,2612,2404267,12714512,5436746,5442005,28703137,42933919,62220946,118358000,180578946,4352674,,28703137,3153810,226700,.1599,62378410,136155028,198533438,133339645,65193793,66291315,-1097522,10995724,9898202,21036,9877166,.232928
5123,735986,343027,NOVANT HEALTH REHABILITATION HOSPITA,2475 HILLCREST CENTER CIRCLE,WINSTON SALEM,NC,27103,FORSYTH,49180,1,5,4,10/01/2020,09/30/2021,165.32,1218,20255,68,24820,82,1429,1218,20255,82,1429,,,,,12918076,23577707,48912204,255,48912459,2492513,,12918076,4801,,,48912460,,48912460,20550028,28362432,23552443,4809989,23421,4833410,,4833410,
5187,736127,340047,NORTH CAROLINA BAPTIST HOSPITAL,MEDICAL CENTER BLVD,WINSTON-SALEM,NC,27157-,FORSYTH,49180,1,1,1,07/01/2021,12/31/2021,4268.29,10902,112819,815,148765,1548,19496,6559,55672,1548,19496,27640254,63127260,43621486,47277045,361020843,932019247,1594381251,2102034895,3696416146,77595006,,361299513,22410807,2607456,.2176,3487569702,210968881,3698538583,2643218857,1055319726,1118778654,-63458928,21410559,-42048369,,-42048369,.250014
5188,736128,342013,PAM SPECIALTY HOSP. OF ROCKY MOUNT,1051 NOELL LANE,ROCKY MOUNT,NC,27804,NASH,40580,1,2,4,09/01/2021,08/31/2022,123.49,,12689,50,18250,,412,,12689,,412,,,,,9812518,21709290,122453694,,122453694,,,,,,,122453694,,122453694,97315492,25138202,22593568,2544634,388542,2933176,3,2933173,
5309,736474,340030,DUKE UNIVERSITY HOSPITAL,610 DOUGLAS STREET,DURHAM,NC,27710-,DURHAM,20500,2,1,2,07/01/2021,06/30/2022,9771.28,22602,327639,1048,382520,2730,40515,15413,223865,2730,40515,63159017,60392073,99623704,99623704,804049675,2274741314,3920459545,5179858567,9100318112,209576068,,804049675,41263906,5544348,.1542,3911039194,5406219581,9317258775,6470221750,2847037025,2923223861,-76186836,117578413,41391577,,41391577,.248745
5310,736475,340050,S.E. REGL MEDICAL CENTER,300 W. 27TH STREET,LUMBERTON,NC,28358-3075,ROBESON,99934,2,1,2,07/01/2021,06/30/2022,1425.63,5788,61307,209,76285,1185,11438,4959,52829,1185,11438,18946566,24935777,31017712,31060991,105006668,293657488,403283639,454799554,858083193,28761732,,105006668,6952695,1317356,.2674,412181929,507441376,919623305,624641059,294982246,404577632,-109595386,22681389,-86913997,,-86913997,.332067
5311,736477,340073,DUKE RALEIGH HOSPITAL,3200 WAKE FOREST ROAD,RALEIGH,NC,27611-,WAKE,39580,1,1,2,07/01/2021,06/30/2022,1950.32,2467,54127,186,67890,336,9386,2259,49989,336,9386,15130037,14921923,26982100,35212078,157208980,518971600,493471032,1775171345,2268642377,40841474,,157208980,9300455,280452,.0308,508978900,1822761170,2331740070,1708402727,623337343,622753800,583543,22301178,22884721,,22884721,.224729
5312,736479,340155,DUKE REGIONAL HOSPITAL,3643 NORTH ROXBORO ROAD,DURHAM,NC,27704-2763,DURHAM,20500,2,1,9,07/01/2021,06/30/2022,1994.53,4148,81898,301,109865,726,14480,3553,65563,726,14480,21384057,14382240,33260073,33260073,170644930,367628838,621155399,732023286,1353178685,49221597,,170644930,15203647,989216,.1146,642769445,747980436,1390749881,985312438,405437443,465154241,-59716798,16955571,-42761227,,-42761227,.268691
5520,736972,340002,MISSION HOSPITAL  INC,509 BILTMORE AVENUE,ASHEVILLE,NC,28801,,11700,2,1,4,10/01/2020,09/30/2021,3706.36,38200,224358,733,267545,6674,43795,24244,144378,6674,43795,43120318,27942386,54183803,54183803,265621241,877666869,2662000675,2049629988,4711630663,60600623,,272152789,51904032,4628549,.1331,2662001579,2081442985,4743444564,3476214494,1267230070,1046450877,220779193,62330021,283109214,10593157,272516057,.184211
5521,736973,340051,WATAUGA MEDICAL CENTER,336 DEERFIELD ROAD,BOONE,NC,28607-,WATAUGA,99934,2,1,9,10/01/2020,09/30/2021,634,1765,16644,95,34675,567,3964,1118,10035,567,3964,3547399,14988232,8328600,8328600,49338466,144013097,136440806,360505586,496946392,10875752,,49338466,4620885,,,144495015,377281726,521776741,341251866,180524875,164126776,16398099,13585835,29983934,,29983934,.28238
5664,737435,341314,CAH #1 - WASHINGTON,958 US HIGHWAY 64 EAST,PLYMOUTH,NC,27962,WASHINGTON,99934,2,1,2,10/01/2020,12/31/2020,112.2,113,700,25,2300,12,112,63,250,12,112,,,,154130,1982724,5923500,3703942,2508117,6212059,,,,,,,3852898,2357965,6210863,577540,5633323,5878738,-245415,548070,302655,,302655,.91842
5713,737628,342012,KINDRED HOSPITAL GREENSBORO,2401 SOUTHSIDE BOULEVARD,GREENSBORO,NC,27406,GUILFORD,24660,1,2,4,09/01/2021,08/31/2022,153.4,142,19526,101,36865,1,308,142,18184,1,308,,,,,15487026,36342427,126841224,1515648,128356872,1732326,,15487026,6123014,,,126842274,1514598,128356872,82909613,45447259,38441480,7005779,103482,7109261,,7109261,
5870,738496,340190,NOVANT HEALTH MINT HILL MEDICAL CTR,8201 HEALTHCARE LOOP,CHARLOTTE,NC,28215-7072,,16740,1,1,2,01/01/2021,12/31/2021,307.25,1030,12562,36,13140,409,2987,656,9357,409,2987,4751794,8362768,6493687,6493687,25820028,73314272,107788911,251604465,359393376,6434866,,26492278,2948653,92381,.0695,108559124,252786759,361345883,257913160,103432723,87742924,15689799,1129678,16819477,,16819477,.195884
5924,739109,342021,CONTINUECARE HOSPITAL AT UNIVERSITY,8800 NORTH TRYON STREET  4TH FLOOR,CHARLOTTE,NC,28262-3300,MECKLENBURG,16740,1,2,2,07/01/2021,03/14/2022,44.26,,3077,17,4403,,124,,3077,,124,,,,,2540242,5781472,18497041,59832,18556873,,,,,,,18497041,59832,18556873,13842964,4713909,6779950,-2066041,97497,-1968544,,-1968544,
5939,739314,342020,SSH -GREENSBORO,1200 NORTH ELM STREET 5TH FLOOR,GREENSBORO,NC,27401,GUILFORD,24660,1,2,4,05/01/2021,04/30/2022,82.2,,9923,30,10950,,300,,9923,,300,,,,,8224719,18139527,108154789,,108154789,1194172,,8224719,2749239,,,108154788,,108154788,92263582,15891206,18454830,-2563624,3261524,697900,2447653,-1749753,
